SN,PROD,,,
1,AIO400X6,,,
2,RF400,,,
3,HW5L,,,
4,RF100,,,
5,DW400,,,
5,FC400X2,,,
6,RF400,,,
6,TC400,,,
7,HW400X2,,,
8,FC5L,,,
9,TC400,,,
9,DW400,,,
9,BathK4,,,
10,HomeK8,,,
11,DW400,,,
12,MPC400,,,
13,TC400,,,
13,HW100,,,
14,FC400,,,
14,DW5L,,,
14,TC5L,,,
15,HW5L,,,
15,TC5L,,,
16,TC400,,,
16,TC400X2,,,
17,MPC5L,,,
17,HW400X2,,,
18,MPC5L,,,
18,HW400X2,,,
19,DW400,,,
19,BathK4,,,
20,AIO400X6,,,
21,AIO400X6,,,
22,RF400,,,
22,FC400,,,
23,TC400,,,
24,FC5L,,,
24,HW5L,,,
24,TC5L,,,
24,DW5L,,,
25,AIO400X6,,,
26,FC5L,,,
27,HomeK8,,,
28,RF400,,,
28,TC400,,,
28,RF100,,,
29,BathK4,,,
30,DCK400,,,
30,TC400,,,
30,HW400X2,,,
30,DW400,,,
30,FC400,,,
31,HW5L,,,
32,FC400,,,
33,FC400,,,
33,VFM400,,,
34,HW5L,,,
34,DW5L,,,
34,TC5L,,,
35,TC400,,,
36,RF400X2,,,
36,TC400,,,
37,TC5L,,,
37,DW5L,,,
37,FC5L,,,
37,HW400X2,,,
38,TC400,,,
38,FC400,,,
39,RF400,,,
40,DW5L,,,
41,RF400,,,
41,MPC400,,,
42,FC400X2,,,
43,HW5L,,,
43,FC5L,,,
44,AIO400X6,,,
45,FC5L,,,
45,HW400,,,
46,TC400X2,,,
46,DCK400,,,
46,MPC400X2,,,
47,MPC5L,,,
48,AIO400X6,,,
49,AIO400X6,,,
49,VFM400,,,
50,MPC5L,,,
50,HW5L,,,
51,FC400,,,
51,DW400,,,
52,MPC5L,,,
52,RF400,,,
53,FC5L,,,
53,RF100,,,
54,DW5L,,,
55,FC5L,,,
55,TC5L,,,
55,HW5L,,,
56,MPC5L,,,
57,MPC5L,,,
58,DW400,,,
58,TC400,,,
58,MPC400,,,
58,RF100,,,
58,FC400X2,,,
59,HomeK8,,,
60,TC400,,,
60,HW400,,,
60,DW400,,,
61,MPC400,,,
62,HW400,,,
62,DCK400,,,
62,DW400X2,,,
62,TC400X2,,,
63,FC400,,,
63,RF100,,,
63,HW5L,,,
63,MPC5L,,,
64,HW400,,,
64,DW400,,,
64,RF100,,,
64,TC400,,,
65,TC400,,,
65,DW400,,,
65,MPC400,,,
66,AIO400X6,,,
67,FC5L,,,
67,DCK5L,,,
68,FC400,,,
68,TC400,,,
69,TC400,,,
69,DW400X2,,,
70,AIO400X6,,,
71,TC5L,,,
71,FC5L,,,
72,HomeK8,,,
73,HW5L,,,
74,MPC400,,,
75,HW400X2,,,
75,TC400,,,
76,FC5L,,,
77,HW400,,,
77,FC400,,,
77,TC400,,,
78,HW5L,,,
78,FC5L,,,
78,DW5L,,,
78,TC5L,,,
78,MPC5L,,,
79,TC400,,,
79,HW400,,,
79,FC400,,,
80,AIO400X6,,,
81,FC400X2,,,
82,DW400,,,
82,TC400X2,,,
83,HW400,,,
83,RF100,,,
83,MPC400,,,
84,DW5L,,,
84,FC5L,,,
84,TC5L,,,
84,MPC5L,,,
84,HW5L,,,
85,AIO400X6,,,
86,TC400,,,
86,HW100,,,
86,FC400X2,,,
87,FC400,,,
88,DW5L,,,
89,HW400,,,
89,FC400,,,
89,DW400,,,
90,DW400,,,
90,DW5L,,,
90,HW5L,,,
91,DW5L,,,
92,DW400,,,
92,MPC400,,,
93,TC400,,,
93,DW5L,,,
93,MPC5L,,,
94,FC5L,,,
95,DW400,,,
95,MPC400,,,
95,TC400,,,
96,AIO400X6,,,
97,FC5L,,,
98,TC400,,,
98,MPC400,,,
99,TC400,,,
99,FC5L,,,
100,TC5L,,,
100,HW5L,,,
101,FC400X2,,,
102,MPC400,,,
102,FC400,,,
102,TC400,,,
103,DW5L,,,
104,HomeK8,,,
105,TC400,,,
105,MPC400,,,
105,HW400,,,
106,DW5L,,,
106,TC5L,,,
106,FC5L,,,
107,DW5L,,,
108,DW400,,,
108,MPC400,,,
108,HW400,,,
109,DW400,,,
109,FC400,,,
109,TC400,,,
110,HW400,,,
110,RF400,,,
110,MPC400,,,
110,DW400,,,
110,FC400,,,
110,TC400,,,
111,DW5L,,,
111,MPC400,,,
112,FC400X2,,,
112,MPC400X2,,,
112,RF400,,,
113,MPC5L,,,
113,DW5L,,,
113,HW5L,,,
114,TC400,,,
115,TC400X2,,,
115,FC400X2,,,
116,DW5L,,,
117,DW400,,,
117,FC400,,,
117,TC400,,,
118,VFM400,,,
119,MPC400X2,,,
119,TC400,,,
120,FC5L,,,
121,AppK6,,,
122,TC400X2,,,
122,DW5L,,,
123,FC5L,,,
124,DW400,,,
124,TC400,,,
124,MPC400,,,
125,HomeK8,,,
126,TC5L,,,
126,FC5L,,,
127,FC400X2,,,
127,TC5L,,,
127,DW5L,,,
127,HW400X2,,,
128,TC400X2,,,
128,DCK400,,,
128,VFM400,,,
129,AIO400X6,,,
130,DW400X2,,,
130,TC400X2,,,
130,HW400X2,,,
131,TC5L,,,
132,TC400,,,
133,DW400,,,
133,MPC400,,,
133,HW400,,,
134,HomeK8,,,
135,HW400,,,
135,FC400,,,
135,RF100,,,
136,VFM400,,,
137,TC5L,,,
137,MPC5L,,,
137,MPC400X2,,,
137,TC400X2,,,
138,MPC5L,,,
139,HomeK8,,,
140,HomeK8,,,
141,FC5L,,,
141,TC5L,,,
142,MPC400X2,,,
142,RF400,,,
143,TC400,,,
143,FC400X2,,,
143,MPC400,,,
144,MPC5L,,,
145,FC400X2,,,
145,VFM400,,,
146,TC400,,,
147,RF400,,,
148,MPC5L,,,
148,TC5L,,,
148,HW5L,,,
148,DW5L,,,
149,DW400,,,
149,TC400,,,
149,FC400,,,
150,AIO400X6,,,
151,HW400X2,,,
151,FC400,,,
152,FC5L,,,
152,HW5L,,,
153,TC400X2,,,
154,FC400,,,
154,TC400,,,
155,AIO400X6,,,
156,TC400,,,
157,HomeK8,,,
158,KitK4,,,
158,MPC400X2,,,
158,RF100,,,
159,MPC5L,,,
160,BathK4,,,
161,FC5L,,,
162,HW400,,,
163,HomeK8,,,
164,DW5L,,,
165,TC400,,,
166,DW5L,,,
166,RF400X2,,,
166,FC5L,,,
167,FC400X2,,,
167,TC400X2,,,
167,MPC400X2,,,
167,DW400X2,,,
168,FC5L,,,
169,RF400,,,
169,MPC400,,,
169,TC400X2,,,
170,AIO400X6,,,
170,DCK400,,,
171,TC400,,,
172,TC5L,,,
172,HW400X2,,,
172,DW5L,,,
173,MPC5L,,,
174,MPC5L,,,
175,MPC5L,,,
175,HW5L,,,
176,MPC400,,,
177,TC5L,,,
178,HW5L,,,
178,HW400,,,
178,DW5L,,,
179,TC400,,,
180,DW400,,,
180,TC400,,,
180,RF100,,,
180,HW100,,,
181,HW400,,,
181,FC400,,,
181,TC400,,,
181,DW400,,,
181,MPC400,,,
182,BathK4,,,
183,TC400,,,
183,DW400,,,
183,HW400,,,
184,DW400,,,
184,HW400X2,,,
185,HW400,,,
185,RF400,,,
185,TC400,,,
186,AIO400X6,,,
186,TC400,,,
187,MPC400,,,
188,HW5L,,,
188,FC5L,,,
189,TC400,,,
189,TC400,,,
189,FC400X2,,,
190,HW400,,,
190,DW400,,,
190,TC400,,,
191,RF400,,,
191,HW400,,,
191,TC400,,,
192,DW5L,,,
192,DCK400,,,
192,MPC5L,,,
193,MPC400,,,
193,TC400,,,
193,FC400X2,,,
194,HW100,,,
194,DCK400,,,
194,MPC400,,,
194,RF400X2,,,
195,TC400,,,
195,MPC400,,,
195,TC400,,,
196,BathK4,,,
197,AIO400X6,,,
198,FC400,,,
198,TC400,,,
199,MPC400,,,
199,TC400,,,
199,DW400,,,
200,HW400,,,
201,AIO400X6,,,
201,MPC400,,,
202,TC400X2,,,
202,TC5L,,,
202,HW5L,,,
202,HW400X2,,,
203,DW400,,,
203,FC400,,,
203,TC400,,,
203,MPC400X2,,,
204,TC400,,,
204,DCK400,,,
205,AIO400X6,,,
205,RF100,,,
206,HW400X2,,,
206,TC400X2,,,
207,MPC5L,,,
207,FC5L,,,
207,RF400X2,,,
208,BathK4,,,
208,TC400X2,,,
209,FC400X2,,,
209,MPC400,,,
209,DW400,,,
210,TC400,,,
211,MPC400,,,
211,FC400X2,,,
211,TC400,,,
212,DW5L,,,
213,HW5L,,,
214,TC5L,,,
214,DW400,,,
215,TC5L,,,
215,FC5L,,,
216,TC400,,,
216,HW400,,,
217,HW5L,,,
218,TC400,,,
219,DW5L,,,
220,HW400X2,,,
220,DW400X2,,,
221,FC400X2,,,
221,FC400,,,
222,FC5L,,,
222,MPC5L,,,
222,DCK400,,,
222,HW400X2,,,
223,HW5L,,,
223,MPC5L,,,
223,DW5L,,,
224,MPC5L,,,
225,TC400X2,,,
225,HW400X2,,,
225,HW5L,,,
225,RF400,,,
226,MPC5L,,,
227,MPC5L,,,
227,DW5L,,,
227,HW100,,,
228,TC5L,,,
229,TC5L,,,
230,DW400,,,
230,FC400,,,
231,FC5L,,,
231,TC5L,,,
232,MPC400,,,
233,MPC5L,,,
234,MPC5L,,,
235,RF100,,,
235,DW400,,,
235,TC400,,,
235,FC400,,,
236,FC5L,,,
237,HW5L,,,
238,TC5L,,,
238,FC5L,,,
239,TC5L,,,
240,VFM400,,,
240,FC5L,,,
241,RF400,,,
242,FC5L,,,
242,TC5L,,,
243,FC5L,,,
244,TC5L,,,
244,FC5L,,,
245,RF100,,,
245,RFTC400,,,
246,DW5L,,,
246,TC5L,,,
246,DCK400,,,
247,DW5L,,,
247,MPC5L,,,
247,HW400,,,
248,FC5L,,,
248,DW5L,,,
249,HW5L,,,
249,BathK4,,,
249,TC5L,,,
249,FC5L,,,
250,MPC5L,,,
250,FC5L,,,
251,MPC400,,,
251,FC5L,,,
252,DW5L,,,
252,TC5L,,,
253,FC5L,,,
253,DW5L,,,
253,HW5L,,,
254,MPC5L,,,
254,RF400,,,
254,RFTC400,,,
255,DW5L,,,
255,HW5L,,,
255,TC5L,,,
256,TC5L,,,
256,DW5L,,,
256,MPC5L,,,
256,HW5L,,,
257,DW400,,,
257,MPC400,,,
257,AppK6,,,
258,HW5L,,,
259,AppK6,,,
260,HomeK8,,,
261,DW5L,,,
261,HW5L,,,
261,MPC5L,,,
261,TC5L,,,
261,RF5L,,,
261,FC5L,,,
262,VFM400,,,
263,TC5L,,,
263,HW5L,,,
263,FC5L,,,
264,DW5L,,,
265,MPC400,,,
266,FC5L,,,
266,TC5L,,,
267,TC400,,,
267,DCK400,,,
268,VFM400,,,
269,MPC5L,,,
270,TC5L,,,
270,FC5L,,,
271,RFTC400,,,
271,HW400,,,
272,RFTC400,,,
272,HW400,,,
273,DCK400,,,
273,DCK5L,,,
274,DW5L,,,
275,DW5L,,,
275,TC5L,,,
276,DW400,,,
277,RFTC400,,,
278,DW400,,,
278,HW400,,,
278,TC400,,,
279,FC5L,,,
279,MPC5L,,,
280,FC5L,,,
280,TC5L,,,
280,DW5L,,,
280,HW5L,,,
281,DW5L,,,
281,FC5L,,,
281,MPC5L,,,
282,FC5L,,,
282,MPC5L,,,
283,TC5L,,,
284,FC5L,,,
285,MPC5L,,,
286,TC5L,,,
287,MPC5L,,,
288,HW5L,,,
288,DW5L,,,
289,FC400,,,
289,RFTC400,,,
290,FC5L,,,
291,FC5L,,,
291,MPC5L,,,
292,TC400,,,
292,FC400,,,
293,RFTC400,,,
293,TC400,,,
294,HW400,,,
295,FC5L,,,
296,TC400,,,
297,MPC5L,,,
298,HomeK8,,,
299,DW400,,,
299,TC400,,,
300,TC5L,,,
300,FC5L,,,
301,DW400,,,
301,HW400,,,
302,TC5L,,,
303,HW5L,,,
304,HW5L,,,
304,TC5L,,,
304,DW400X2,,,
305,VFM400,,,
306,RFTC400,,,
307,TC400,,,
308,TC400,,,
308,HW400,,,
309,TC400,,,
310,TC400,,,
311,BathK4,,,
312,DW5L,,,
313,AppK6,,,
314,FC5L,,,
315,RFTC400,,,
315,VFM400,,,
316,MPC5L,,,
317,RF400,,,
318,FC5L,,,
318,MPC5L,,,
319,TC5L,,,
319,FC5L,,,
320,TC5L,,,
320,HW5L,,,
321,MPC5L,,,
321,DW5L,,,
321,FC5L,,,
322,DW5L,,,
323,HW5L,,,
324,DW5L,,,
325,HW5L,,,
326,FC400,,,
326,DW400,,,
326,HW400,,,
327,DW5L,,,
327,DCK400,,,
328,DW400,,,
328,MPC400,,,
329,DW5L,,,
330,TC400,,,
330,FC400,,,
331,DW400,,,
331,TC400,,,
331,MPC400,,,
332,DW5L,,,
332,MPC5L,,,
333,HW5L,,,
333,MPC5L,,,
334,HW5L,,,
334,RF400,,,
334,DW400,,,
334,TC400,,,
335,AppK6,,,
336,TC5L,,,
336,HW5L,,,
337,RFTC400,,,
338,HW400,,,
338,DW400,,,
339,TC400,,,
340,BathK4,,,
341,MPC400,,,
341,FC400,,,
341,RFTC400,,,
342,HomeK8,,,
343,DW400,,,
343,TC400,,,
343,HW400,,,
344,HomeK8,,,
345,DW400,,,
345,HW400,,,
345,RF400,,,
346,HomeK8,,,
347,HomeK8,,,
348,AppK6,,,
348,RF400,,,
349,DW5L,,,
349,FC5L,,,
349,TC5L,,,
350,DW5L,,,
351,HomeK8,,,
352,HomeK8,,,
353,DW5L,,,
354,FC5L,,,
355,HomeK8,,,
356,HomeK8,,,
357,HomeK8,,,
358,TC400,,,
358,FC400,,,
359,HomeK8,,,
360,HomeK8,,,
361,HomeK8,,,
362,HomeK8,,,
363,HomeK8,,,
364,HomeK8,,,
365,HomeK8,,,
366,HW5L,,,
367,VFM400,,,
368,FC400,,,
368,RF400,,,
369,TC5L,,,
370,FC5L,,,
371,KitK4,,,
372,KitK4,,,
373,KitK4,,,
374,DW400,,,
374,RFTC400,,,
374,HW400,,,
375,DCK400,,,
375,FC400,,,
376,VFM400,,,
377,HomeK8,,,
378,MPC5L,,,
378,DW5L,,,
379,HW400,,,
379,TC400,,,
380,KitK4,,,
381,DW5L,,,
381,TC400,,,
382,VFM400,,,
383,KitK4,,,
383,DCK400,,,
383,VFM400,,,
384,RF5L,,,
385,AppK6,,,
386,DW5L,,,
386,TC5L,,,
387,DW5L,,,
387,HW5L,,,
387,MPC5L,,,
388,KitK4,,,
389,KitK4,,,
389,DW400,,,
390,DW5L,,,
390,TC5L,,,
391,HW400,,,
391,DW400,,,
391,MPC400,,,
391,TC400,,,
392,FC5L,,,
392,TC5L,,,
392,MPC5L,,,
392,DCK5L,,,
392,DW5L,,,
392,RF5L,,,
392,HW5L,,,
393,DW5L,,,
393,HW5L,,,
393,MPC5L,,,
393,TC5L,,,
394,DW5L,,,
395,DW400,,,
395,FC5L,,,
396,TC400,,,
396,FC400,,,
397,HW5L,,,
397,RF400,,,
398,FC5L,,,
399,DW5L,,,
400,DW400X2,,,
401,DW5L,,,
401,TC5L,,,
401,RF5L,,,
402,DCK400,,,
402,DW400X2,,,
402,VFM400,,,
403,DW400X2,,,
404,DW400X2,,,
405,DW400X2,,,
406,FC5L,,,
407,DW400X2,,,
408,VFM400,,,
409,DW400X2,,,
409,FC5L,,,
410,VFM400,,,
411,DW400,,,
411,TC400,,,
411,HomeK8,,,
412,VFM400,,,
413,VFM400,,,
414,TC5L,,,
414,MPC400,,,
414,TC400,,,
415,VFM400,,,
416,VFM400,,,
417,VFM400,,,
418,RF400,,,
418,RFTC400,,,
419,VFM400,,,
420,TC400,,,
420,MPC400,,,
420,FC400,,,
421,HW5L,,,
421,TC5L,,,
422,VFM400,,,
423,TC400,,,
423,RF400,,,
424,FC5L,,,
424,HW5L,,,
424,DW5L,,,
424,RF5L,,,
425,AppK6,,,
426,HW5L,,,
426,FC5L,,,
427,VFM400,,,
428,VFM400,,,
429,VFM400,,,
430,VFM400,,,
431,VFM400,,,
432,DW5L,,,
432,TC400,,,
432,FC5L,,,
433,VFM400,,,
434,FC5L,,,
434,HW5L,,,
435,HW5L,,,
435,DCK400,,,
436,VFM400,,,
437,VFM400,,,
438,VFM400,,,
439,RFTC400,,,
440,MPC5L,,,
441,HW400,,,
441,TC400,,,
442,VFM400,,,
443,VFM400,,,
444,VFM400,,,
445,VFM400,,,
446,FC5L,,,
446,VFM400,,,
447,HW5L,,,
447,BathK4,,,
448,VFM400,,,
449,VFM400,,,
450,VFM400,,,
451,DW5L,,,
451,FC5L,,,
452,DW400,,,
452,TC400,,,
452,HomeK8,,,
453,MPC5L,,,
454,MPC5L,,,
455,FC5L,,,
456,FC5L,,,
456,TC5L,,,
456,KitK4,,,
457,FC5L,,,
458,HomeK8,,,
459,HomeK8,,,
459,HW400,,,
460,MPC5L,,,
461,FC5L,,,
462,MPC5L,,,
462,TC5L,,,
463,HW5L,,,
464,HW5L,,,
464,MPC400,,,
464,DW5L,,,
464,FC5L,,,
464,MPC5L,,,
465,DW5L,,,
465,TC5L,,,
465,HW5L,,,
466,DCK400,,,
466,TC5L,,,
467,FC5L,,,
467,DW400,,,
467,HW400,,,
468,RF5L,,,
469,FC5L,,,
469,TC5L,,,
470,AppK6,,,
471,HW5L,,,
471,MPC5L,,,
472,MPC5L,,,
472,FC5L,,,
473,HW5L,,,
474,HomeK8,,,
475,MPC5L,,,
476,FC5L,,,
477,FC5L,,,
478,TC5L,,,
478,FC5L,,,
479,FC5L,,,
479,TC5L,,,
480,TC400,,,
481,TC5L,,,
482,DW5L,,,
483,HW400,,,
483,TC400,,,
483,MPC400,,,
484,TC400,,,
484,FC400,,,
485,DW5L,,,
486,BathK4,,,
486,FC400,,,
487,AppK6,,,
487,RF400,,,
487,HW400,,,
488,DW5L,,,
488,HW5L,,,
488,MPC5L,,,
488,RF400,,,
489,MPC5L,,,
490,HW400,,,
490,DW400,,,
491,HW400,,,
491,TC400,,,
491,DW400,,,
492,DW400,,,
492,MPC400,,,
492,HW400,,,
492,TC400,,,
493,AppK6,,,
493,KitK4,,,
494,MPC5L,,,
495,TC5L,,,
495,FC5L,,,
496,RFTC400,,,
496,FC400,,,
497,BathK4,,,
498,FC400,,,
498,DW400,,,
498,HW400,,,
499,TC5L,,,
499,AppK6,,,
500,RFTC400,,,
500,FC400,,,
501,HW5L,,,
501,DW400,,,
501,RF400,,,
501,TC400,,,
502,RFTC400,,,
503,TC5L,,,
503,FC5L,,,
503,MPC5L,,,
504,FC5L,,,
504,MPC5L,,,
504,TC5L,,,
505,HW5L,,,
506,HomeK8,,,
507,DW5L,,,
508,TC400,,,
509,TC400,,,
509,TC5L,,,
510,TC5L,,,
510,MPC5L,,,
511,TC400,,,
511,RFTC400,,,
511,RF400,,,
512,HW400,,,
512,RFTC400,,,
512,FC400,,,
513,DCK400,,,
513,AppK6,,,
514,DW5L,,,
514,MPC5L,,,
515,TC5L,,,
515,DW400,,,
516,HomeK8,,,
517,FC400,,,
517,TC400,,,
518,DW400,,,
518,TC400,,,
519,DW5L,,,
519,FC5L,,,
519,MPC5L,,,
519,TC5L,,,
520,DW5L,,,
520,MPC5L,,,
520,TC5L,,,
520,FC5L,,,
521,TC400,,,
521,MPC400,,,
522,FC400,,,
522,MPC400,,,
522,TC400,,,
523,DW5L,,,
523,TC5L,,,
524,FC5L,,,
524,TC5L,,,
525,RFTC400,,,
525,RF400,,,
526,DCK400,,,
526,TC400,,,
526,BathK4,,,
527,MPC5L,,,
527,FC5L,,,
528,TC400,,,
528,TC5L,,,
528,DW5L,,,
529,DW5L,,,
529,FC5L,,,
529,TC5L,,,
530,TC5L,,,
530,HW5L,,,
530,TC400,,,
531,FC5L,,,
532,TC5L,,,
533,FC5L,,,
533,TC5L,,,
534,BathK4,,,
534,RFTC400,,,
535,FC400,,,
535,MPC400,,,
536,FC5L,,,
537,DW400,,,
537,DW5L,,,
537,TC5L,,,
537,RFTC400,,,
538,FC5L,,,
538,RF400,,,
539,RF400,,,
540,DW5L,,,
540,HW5L,,,
540,TC5L,,,
540,FC5L,,,
540,MPC400,,,
540,RF400,,,
541,DW5L,,,
541,HW5L,,,
541,MPC5L,,,
541,DCK400,,,
541,RF400,,,
541,FC5L,,,
542,TC5L,,,
542,HW5L,,,
543,BathK4,,,
544,DW5L,,,
544,FC5L,,,
544,MPC5L,,,
545,FC5L,,,
545,TC5L,,,
546,TC400,,,
547,TC400,,,
548,FC5L,,,
548,TC5L,,,
548,DW5L,,,
548,RF400,,,
549,HomeK8,,,
550,HW5L,,,
551,FC5L,,,
551,TC5L,,,
552,HW5L,,,
553,HW5L,,,
553,MPC5L,,,
554,TC5L,,,
555,MPC5L,,,
556,FC400,,,
557,FC5L,,,
557,TC400,,,
558,FC5L,,,
558,MPC5L,,,
559,TC400,,,
559,FC400,,,
559,DW400,,,
559,MPC400,,,
560,RF400,,,
560,DCK400,,,
561,FC400,,,
561,TC400,,,
562,RF5L,,,
563,TC5L,,,
564,TC5L,,,
565,DW5L,,,
565,HW5L,,,
565,FC5L,,,
565,MPC5L,,,
565,TC5L,,,
565,RF5L,,,
565,DCK400,,,
565,TC400,,,
566,TC400,,,
567,FC5L,,,
568,FC5L,,,
568,MPC400,,,
569,TC5L,,,
570,FC5L,,,
571,BathK4,,,
572,TC5L,,,
572,FC5L,,,
572,DW5L,,,
573,KitK4,,,
573,BathK4,,,
574,TC400,,,
575,DW5L,,,
576,BathK4,,,
577,TC400,,,
578,DW400,,,
578,MPC400,,,
578,TC400,,,
578,DCK400,,,
578,FC400,,,
579,TC5L,,,
579,TC400,,,
580,AppK6,,,
580,TC400,,,
581,FC5L,,,
581,TC400,,,
582,MPC5L,,,
583,FC5L,,,
584,TC5L,,,
584,DCK400,,,
585,HomeK8,,,
586,TC400,,,
587,MPC5L,,,
587,MPC5L,,,
588,HomeK8,,,
589,DW5L,,,
589,FC5L,,,
589,TC5L,,,
590,HW5L,,,
590,FC5L,,,
591,HomeK8,,,
591,DW400,,,
591,TC400,,,
592,DW5L,,,
592,MPC400,,,
593,DW5L,,,
594,FC400,,,
594,TC400,,,
595,TC400,,,
595,DW5L,,,
596,HomeK8,,,
597,TC5L,,,
597,DW5L,,,
598,DW5L,,,
598,MPC400,,,
599,RF400,,,
600,HW400,,,
600,RFTC400,,,
601,MPC5L,,,
601,FC5L,,,
602,BathK4,,,
603,FC5L,,,
603,DW5L,,,
604,FC5L,,,
604,MPC5L,,,
605,TC400,,,
605,HW400,,,
605,DW400,,,
606,MPC5L,,,
607,HW400,,,
608,FC5L,,,
608,DCK400,,,
608,DCR5L,,,
609,TC400,,,
609,MPC400,,,
610,FC5L,,,
611,HW400,,,
612,TC400,,,
612,MPC5L,,,
613,FC5L,,,
614,DW400,,,
614,FC5L,,,
614,TC5L,,,
614,MPC5L,,,
615,RFTC400,,,
616,FC5L,,,
617,FC5L,,,
617,MPC5L,,,
617,HW400,,,
617,DW400,,,
618,MPC5L,,,
618,TC400,,,
619,DW400,,,
619,HW400,,,
619,MPC400,,,
620,TC400,,,
621,AppK6,,,
622,HW5L,,,
622,TC5L,,,
623,HomeK8,,,
624,DW5L,,,
625,FC400,,,
626,MPC5L,,,
626,RF400,,,
627,TC400,,,
627,FC400,,,
628,TC400,,,
629,DW5L,,,
630,FC5L,,,
630,TC5L,,,
630,DW400,,,
631,RFTC400,,,
631,MPC400,,,
632,AppK6,,,
633,RF400,,,
634,MPC400,,,
635,RF5L,,,
636,FC5L,,,
637,TC5L,,,
637,DW400,,,
637,MPC400,,,
638,FC5L,,,
638,RF400,,,
638,TC400,,,
638,HW400,,,
639,TC5L,,,
640,FC5L,,,
641,FC5L,,,
641,TC5L,,,
642,FC5L,,,
643,FC400,,,
643,DW400,,,
644,FC5L,,,
645,AppK6,,,
646,RF400,,,
646,MPC400,,,
646,TC400,,,
647,MPC400,,,
647,RF400,,,
647,HW400,,,
648,FC5L,,,
648,DW5L,,,
649,FC5L,,,
649,TC5L,,,
649,TC400,,,
650,AppK6,,,
651,TC400,,,
651,FC400,,,
651,MPC400,,,
652,AppK6,,,
653,RFTC400,,,
654,TC5L,,,
654,HW5L,,,
655,DW5L,,,
655,RF400,,,
655,FC5L,,,
656,DW5L,,,
657,FC400,,,
657,TC400,,,
658,TC400,,,
659,DW400,,,
660,TC5L,,,
660,MPC5L,,,
661,AppK6,,,
662,RF5L,,,
663,MPC5L,,,
663,TC5L,,,
663,FC5L,,,
663,DW5L,,,
664,FC5L,,,
665,MPC400,,,
665,TC400,,,
665,TC400,,,
666,FC5L,,,
667,MPC5L,,,
667,TC400,,,
668,AppK6,,,
668,DW400,,,
668,MPC400,,,
669,FC5L,,,
670,MPC5L,,,
671,TC400,,,
671,FC400,,,
672,TC5L,,,
673,HomeK8,,,
673,DW5L,,,
673,RF5L,,,
674,TC5L,,,
674,FC5L,,,
675,FC5L,,,
676,FC5L,,,
676,DCK400,,,
677,HW5L,,,
677,RF400,,,
677,TC5L,,,
678,TC400,,,
679,HW5L,,,
679,DW5L,,,
680,AppK6,,,
681,MPC5L,,,
681,FC5L,,,
681,DW5L,,,
682,FC5L,,,
682,TC5L,,,
683,TC400,,,
684,DW5L,,,
684,HW5L,,,
684,FC5L,,,
684,TC5L,,,
684,RF400,,,
685,DW5L,,,
685,HW5L,,,
686,DW400,,,
686,HW400,,,
686,RFTC400,,,
686,FC5L,,,
687,FC5L,,,
688,HomeK8,,,
689,DW5L,,,
689,TC5L,,,
689,HW400,,,
690,FC5L,,,
691,TC400,,,
691,MPC400,,,
691,FC400,,,
692,RF5L,,,
692,MPC5L,,,
693,HW5L,,,
693,MPC5L,,,
694,DW400,,,
694,TC400,,,
694,MPC400,,,
695,RF400,,,
696,MPC5L,,,
696,TC5L,,,
697,TC5L,,,
697,FC5L,,,
698,TC5L,,,
698,HW5L,,,
698,MPC5L,,,
699,DW5L,,,
700,HW400,,,
700,DW5L,,,
701,HomeK8,,,
702,HomeK8,,,
703,MPC5L,,,
703,TC5L,,,
704,MPC5L,,,
705,MPC400,,,
706,FC5L,,,
706,TC5L,,,
706,DW5L,,,
707,FC5L,,,
708,HW5L,,,
708,MPC5L,,,
708,TC5L,,,
708,RF5L,,,
708,DW5L,,,
709,BathK4,,,
710,HW5L,,,
711,MPC5L,,,
712,DCK400,,,
712,DW5L,,,
712,AppK6,,,
713,FC5L,,,
714,MPC5L,,,
714,DCK400,,,
715,TC400,,,
715,HW400,,,
715,FC400,,,
716,TC5L,,,
716,RF5L,,,
717,FC5L,,,
717,HW5L,,,
718,TC5L,,,
718,MPC5L,,,
718,HW5L,,,
719,AppK6,,,
720,TC5L,,,
720,RF5L,,,
721,HomeK8,,,
722,DW5L,,,
722,FC5L,,,
722,MPC5L,,,
722,TC5L,,,
722,HW5L,,,
723,DW5L,,,
723,HW5L,,,
723,TC5L,,,
723,MPC400,,,
724,DW400,,,
724,FC5L,,,
725,FC5L,,,
726,TC5L,,,
727,DW5L,,,
727,MPC5L,,,
728,HW5L,,,
728,FC5L,,,
729,HomeK8,,,
730,TC400,,,
730,RF400,,,
730,MPC400,,,
730,DW400,,,
731,DW400,,,
731,HW400,,,
732,MPC5L,,,
732,RF400,,,
732,DCK400,,,
732,TC400,,,
733,FC5L,,,
733,MPC5L,,,
734,FC5L,,,
734,FC5L,,,
735,FC5L,,,
736,RFTC400,,,
736,HW5L,,,
736,FC400,,,
737,TC400,,,
738,FC5L,,,
738,TC5L,,,
739,HW5L,,,
740,FC5L,,,
741,HomeK8,,,
742,FC5L,,,
742,DW5L,,,
742,HW5L,,,
743,HomeK8,,,
744,MPC400,,,
745,HW5L,,,
745,RF400,,,
745,MPC5L,,,
746,DW400,,,
746,HW400,,,
747,AppK6,,,
748,BathK4,,,
749,MPC5L,,,
750,DW5L,,,
750,HW5L,,,
750,RF400,,,
751,DW400,,,
752,TC5L,,,
752,MPC400,,,
753,TC400,,,
754,DW5L,,,
755,FC5L,,,
756,FC5L,,,
757,FC400,,,
757,TC400,,,
758,TC5L,,,
758,HW400,,,
759,TC400,,,
759,DW400,,,
760,FC5L,,,
761,HomeK8,,,
761,HW400,,,
762,DW5L,,,
762,HW5L,,,
762,MPC5L,,,
762,DCK400,,,
762,FC5L,,,
762,TC5L,,,
762,RF5L,,,
763,DW400,,,
764,DW5L,,,
764,HW5L,,,
765,TC400,,,
765,FC400,,,
766,DW400,,,
766,HW400,,,
766,TC400,,,
766,FC400,,,
767,FC5L,,,
768,TC5L,,,
769,HW5L,,,
770,MPC400,,,
770,HW400,,,
770,RF400,,,
771,FC5L,,,
771,MPC400,,,
772,FC5L,,,
773,TC400,,,
773,FC400,,,
773,DCK400,,,
773,RF400,,,
774,MPC5L,,,
775,FC5L,,,
776,TC400,,,
777,MPC5L,,,
777,FC400,,,
778,TC400,,,
778,FC400,,,
779,DW5L,,,
779,MPC5L,,,
780,FC5L,,,
780,TC5L,,,
780,HW5L,,,
781,BathK4,,,
782,HomeK8,,,
783,HW5L,,,
784,MPC5L,,,
785,FC5L,,,
785,RF400,,,
785,HW400,,,
786,AppK6,,,
787,HomeK8,,,
788,DW5L,,,
789,FC5L,,,
789,TC5L,,,
789,MPC5L,,,
790,FC5L,,,
790,HW5L,,,
791,MPC400,,,
791,FC400,,,
791,DW400,,,
792,BathK4,,,
792,AppK6,,,
793,DW400,,,
793,HW400,,,
793,DCK400,,,
794,TC5L,,,
794,DCK400,,,
794,DW400,,,
794,MPC400,,,
794,FC400,,,
794,TC400,,,
795,FC5L,,,
796,FC5L,,,
796,DW5L,,,
796,DCK400,,,
796,MPC5L,,,
797,FC400,,,
798,DW5L,,,
799,FC5L,,,
800,KitK4,,,
800,TC5L,,,
801,MPC400,,,
801,FC400,,,
802,MPC5L,,,
802,TC5L,,,
802,FC5L,,,
803,HomeK8,,,
804,MPC5L,,,
805,MPC400,,,
805,RFTC400,,,
805,HW400,,,
805,DCK400,,,
806,FC5L,,,
807,DW5L,,,
807,HW400,,,
808,TC400,,,
808,MPC400,,,
808,DCK400,,,
808,FC400,,,
809,MPC5L,,,
809,FC5L,,,
810,DW400,,,
811,HomeK8,,,
811,TC5L,,,
811,FC5L,,,
812,HW5L,,,
812,DCK400,,,
812,MPC5L,,,
813,HW5L,,,
813,DW5L,,,
813,RFTC400,,,
814,HomeK8,,,
815,FC5L,,,
816,HomeK8,,,
816,RF400,,,
817,FC5L,,,
818,DW400,,,
818,TC400,,,
818,HomeK8,,,
819,DCK400,,,
820,TC400,,,
820,FC400,,,
821,KitK4,,,
822,DW5L,,,
823,DW5L,,,
823,HW5L,,,
824,HW5L,,,
824,MPC400,,,
825,MPC5L,,,
826,MPC400,,,
827,DW5L,,,
827,TC5L,,,
828,DW400,,,
828,HomeK8,,,
829,AppK6,,,
830,HW5L,,,
830,MPC5L,,,
831,DCK400,,,
831,DW5L,,,
832,TC5L,,,
832,FC5L,,,
833,MPC5L,,,
834,DW5L,,,
835,DW5L,,,
836,FC5L,,,
837,DW5L,,,
838,FC400,,,
838,HW400,,,
838,DW400,,,
838,RFTC400,,,
839,RF5L,,,
840,RF400,,,
841,MPC5L,,,
841,DW400,,,
841,HW400,,,
842,MPC400,,,
842,TC400,,,
842,RF400,,,
843,AppK6,,,
844,TC400,,,
844,TC5L,,,
844,FC5L,,,
845,TC400,,,
846,RF5L,,,
847,TC5L,,,
847,FC5L,,,
848,DW400,,,
848,RFTC400,,,
848,HW400,,,
848,MPC400,,,
848,FC400,,,
849,FC5L,,,
850,TC5L,,,
850,HW5L,,,
851,FC5L,,,
852,FC5L,,,
853,FC5L,,,
854,MPC5L,,,
854,FC5L,,,
854,TC5L,,,
855,FC5L,,,
856,DW5L,,,
856,HW400,,,
856,DCK400,,,
857,DW5L,,,
857,FC5L,,,
857,TC5L,,,
857,HW400,,,
858,DW400,,,
858,TC400,,,
858,FC400,,,
858,HW400,,,
859,FC5L,,,
860,TC5L,,,
860,FC5L,,,
860,MPC5L,,,
861,AppK6,,,
862,TC400,,,
862,DW5L,,,
863,DW5L,,,
863,TC5L,,,
864,FC400,,,
865,MPC5L,,,
866,AppK6,,,
867,DW400,,,
867,FC400,,,
867,HW5L,,,
868,TC5L,,,
868,FC5L,,,
869,MPC5L,,,
870,HomeK8,,,
870,DW5L,,,
871,TC5L,,,
871,FC5L,,,
872,FC5L,,,
872,DW400,,,
872,HW400,,,
872,TC400,,,
873,TC5L,,,
873,MPC400,,,
874,FC5L,,,
874,DW5L,,,
874,TC5L,,,
875,HW5L,,,
875,RF400,,,
876,DW400,,,
876,DCK400,,,
876,TC400,,,
876,TC400,,,
876,MPC400,,,
877,AppK6,,,
877,DW400,,,
878,RF5L,,,
878,DW5L,,,
879,TC5L,,,
880,HomeK8,,,
881,FC5L,,,
881,TC400,,,
882,FC5L,,,
883,TC400,,,
883,MPC400,,,
883,HW400,,,
884,HW400,,,
884,DW400,,,
884,FC400,,,
885,KitK4,,,
886,HomeK8,,,
887,DW5L,,,
888,DW5L,,,
888,MPC5L,,,
889,FC5L,,,
890,DW5L,,,
890,HW400,,,
891,TC5L,,,
891,FC5L,,,
892,FC400,,,
892,DW400,,,
893,TC5L,,,
894,TC400,,,
894,RFTC400,,,
894,HW400,,,
895,HW400,,,
896,TC5L,,,
896,DW400,,,
897,TC400,,,
898,DW5L,,,
898,TC5L,,,
899,TC5L,,,
899,RF400,,,
900,FC5L,,,
901,DW5L,,,
902,DW5L,,,
902,HW5L,,,
903,MPC5L,,,
904,TC400,,,
904,DW400,,,
904,FC400,,,
905,FC5L,,,
905,RF400,,,
906,TC5L,,,
907,HomeK8,,,
907,TC400,,,
908,MPC400,,,
908,TC5L,,,
908,HW400,,,
909,HW5L,,,
909,MPC5L,,,
910,KitK4,,,
911,HW5L,,,
912,HomeK8,,,
913,DW400,,,
913,HW400,,,
913,TC400,,,
913,MPC400,,,
914,MPC5L,,,
915,HomeK8,,,
915,RF400,,,
916,FC400,,,
916,MPC400,,,
917,FC5L,,,
917,TC5L,,,
917,MPC5L,,,
918,HW400,,,
918,DCK400,,,
918,MPC5L,,,
919,FC5L,,,
919,DW5L,,,
919,TC5L,,,
920,FC5L,,,
920,DW5L,,,
920,HW5L,,,
921,MPC5L,,,
922,HW5L,,,
923,TC5L,,,
923,FC5L,,,
924,FC5L,,,
924,TC5L,,,
925,HomeK8,,,
926,TC5L,,,
927,HW5L,,,
927,FC5L,,,
927,MPC5L,,,
928,FC5L,,,
929,DW400,,,
929,HW400,,,
930,DW400,,,
930,MPC400,,,
931,HW5L,,,
931,AppK6,,,
932,MPC400,,,
932,RF400,,,
932,TC400,,,
933,TC400,,,
933,DW400,,,
933,FC5L,,,
933,MPC400,,,
934,RF5L,,,
934,BathK4,,,
935,RF400,,,
936,FC5L,,,
936,RF400,,,
937,MPC5L,,,
938,FC5L,,,
938,TC5L,,,
939,FC5L,,,
939,MPC5L,,,
939,TC5L,,,
940,TC5L,,,
940,FC5L,,,
941,MPC5L,,,
941,DW5L,,,
941,TC5L,,,
942,HomeK8,,,
943,TC400,,,
943,DW400,,,
944,FC5L,,,
945,TC400,,,
945,TC5L,,,
946,TC400,,,
946,FC400,,,
947,HomeK8,,,
948,FC5L,,,
948,HW5L,,,
948,MPC5L,,,
949,TC400,,,
949,FC400,,,
949,BathK4,,,
950,TC400,,,
950,FC400,,,
950,RF400,,,
950,TC5L,,,
951,FC400,,,
951,TC400,,,
952,FC5L,,,
952,MPC5L,,,
953,DW400,,,
953,HW400,,,
954,HomeK8,,,
955,MPC400,,,
956,DW5L,,,
956,MPC5L,,,
957,FC5L,,,
957,HW5L,,,
958,DW5L,,,
958,MPC5L,,,
958,TC5L,,,
958,DCR5L,,,
958,FC5L,,,
959,FC5L,,,
960,TC5L,,,
960,RF400,,,
960,DCK400,,,
960,HW400,,,
961,TC400,,,
961,HW400,,,
962,FC5L,,,
963,DW400,,,
964,FC5L,,,
964,RF400,,,
964,KitK4,,,
964,DW400,,,
965,FC5L,,,
966,FC5L,,,
967,AppK6,,,
968,MPC400,,,
968,HW400,,,
968,TC400,,,
968,DW400,,,
968,FC400,,,
969,FC5L,,,
970,TC400,,,
970,FC400,,,
970,RF400,,,
971,RF400,,,
972,DW400,,,
972,TC400,,,
972,DCK400,,,
973,FC400,,,
973,MPC400,,,
973,TC400,,,
974,HW5L,,,
975,DW5L,,,
975,TC5L,,,
975,FC5L,,,
976,FC400,,,
976,MPC400,,,
977,DW400,,,
977,MPC400,,,
977,HW400,,,
977,TC400,,,
978,MPC5L,,,
979,FC5L,,,
979,MPC400,,,
980,KitK4,,,
981,MPC400,,,
981,TC400,,,
981,FC400,,,
982,FC400,,,
982,TC400,,,
982,DCK400,,,
983,FC400,,,
983,HW400,,,
983,DCK400,,,
984,DW5L,,,
984,HW400,,,
985,MPC400,,,
986,TC5L,,,
987,HomeK8,,,
988,DW400,,,
989,DW5L,,,
989,DCK400,,,
990,DW400,,,
990,HW400,,,
990,MPC400,,,
991,TC5L,,,
992,HW400,,,
992,FC5L,,,
993,TC400,,,
993,HW400,,,
994,HomeK8,,,
995,TC400,,,
996,MPC5L,,,
996,FC5L,,,
997,HomeK8,,,
998,FC400,,,
998,TC400,,,
999,HomeK8,,,
999,RFTC400,,,
1000,MPC400,,,
1000,TC400,,,
1000,HW400,,,
1001,AppK6,,,
1002,HW5L,,,
1002,FC5L,,,
1002,DW5L,,,
1003,HomeK8,,,
1004,FC400,,,
1004,TC400,,,
1004,DCK400,,,
1005,AppK6,,,
1006,TC400,,,
1007,FC5L,,,
1007,MPC5L,,,
1007,TC5L,,,
1008,DW400,,,
1008,HW400,,,
1008,FC5L,,,
1009,MPC400,,,
1010,MPC5L,,,
1011,FC400,,,
1011,RF400,,,
1012,DW400,,,
1012,TC400,,,
1013,HomeK8,,,
1014,AppK6,,,
1014,TC400,,,
1015,TC5L,,,
1016,HomeK8,,,
1017,DW5L,,,
1018,AppK6,,,
1019,MPC5L,,,
1020,DW400,,,
1020,TC400,,,
1020,HW400,,,
1021,AppK6,,,
1021,DW400,,,
1022,HomeK8,,,
1023,AppK6,,,
1024,HomeK8,,,
1025,TC400,,,
1025,AppK6,,,
1026,RFTC400,,,
1027,FC5L,,,
1027,TC5L,,,
1027,HW400,,,
1028,MPC400,,,
1029,RF400,,,
1029,HW400,,,
1030,FC400,,,
1031,FC5L,,,
1031,TC5L,,,
1031,DCK400,,,
1032,TC400,,,
1032,RF400,,,
1032,FC400,,,
1033,TC5L,,,
1034,HW5L,,,
1034,FC5L,,,
1035,AppK6,,,
1036,DW5L,,,
1036,FC5L,,,
1036,TC5L,,,
1036,HW5L,,,
1037,FC400,,,
1037,TC400,,,
1038,FC5L,,,
1039,AppK6,,,
1040,RF400,,,
1040,FC400,,,
1040,MPC400,,,
1041,DW5L,,,
1041,FC5L,,,
1042,FC400,,,
1042,TC400,,,
1042,MPC400,,,
1043,AppK6,,,
1044,MPC5L,,,
1044,TC5L,,,
1045,HomeK8,,,
1046,FC400,,,
1047,AppK6,,,
1048,TC400,,,
1049,FC400,,,
1050,DW5L,,,
1050,HW400,,,
1050,TC400,,,
1051,MPC400,,,
1052,TC5L,,,
1052,RF5L,,,
1053,AppK6,,,
1054,HomeK8,,,
1055,DCK400,,,
1055,TC400,,,
1055,HW400,,,
1055,FC400,,,
1055,MPC400,,,
1056,TC5L,,,
1056,FC5L,,,
1057,TC5L,,,
1058,AppK6,,,
1059,TC5L,,,
1059,DW5L,,,
1060,HomeK8,,,
1061,FC5L,,,
1062,AppK6,,,
1063,HomeK8,,,
1064,AppK6,,,
1065,FC400,,,
1065,TC400,,,
1066,FC400,,,
1066,RF400,,,
1067,FC400,,,
1067,RFTC400,,,
1068,TC400,,,
1069,AppK6,,,
1070,DCK400,,,
1070,TC400,,,
1070,RF400,,,
1071,FC5L,,,
1071,DW5L,,,
1071,TC5L,,,
1072,HomeK8,,,
1073,HomeK8,,,
1074,HomeK8,,,
1075,HomeK8,,,
1076,HomeK8,,,
1077,RF5L,,,
1078,RF400X2,,,
1078,FC400,,,
1078,DCK400,,,
1079,TC400,,,
1080,FC5L,,,
1080,TC400,,,
1081,RF400X2,,,
1082,HomeK8,,,
1083,MPC400,,,
1083,TC400,,,
1083,FC400,,,
1083,DW400,,,
1084,RF400X2,,,
1085,RF400,,,
1086,HomeK8,,,
1087,AppK6,,,
1088,DW400,,,
1088,TC400,,,
1088,MPC400,,,
1089,MPC400,,,
1090,TC400,,,
1090,RF400X2,,,
1091,FC400,,,
1091,MPC400,,,
1092,DW400,,,
1092,TC400,,,
1092,MPC400,,,
1092,FC400,,,
1092,HW400,,,
1092,RF400,,,
1093,TC400,,,
1093,MPC400,,,
1093,FC400,,,
1094,HomeK8,,,
1095,HomeK8,,,
1096,HomeK8,,,
1097,BathK4,,,
1098,AppK6,,,
1099,HomeK8,,,
1100,DW400,,,
1100,TC400,,,
1101,HomeK8,,,
1102,TC5L,,,
1103,RF400,,,
1103,DCK400,,,
1104,MPC5L,,,
1105,RF400,,,
1105,DCK400,,,
1105,TC400,,,
1105,TC400,,,
1105,MPC400,,,
1105,FC400,,,
1105,HW400,,,
1105,DW400,,,
1106,FC5L,,,
1106,TC5L,,,
1107,HomeK8,,,
1108,MPC400,,,
1108,FC400,,,
1109,TC5L,,,
1109,FC5L,,,
1110,FC5L,,,
1111,RF400X2,,,
1112,TC400,,,
1112,DW400,,,
1112,HomeK8,,,
1113,HomeK8,,,
1114,FC5L,,,
1114,TC5L,,,
1114,RF400,,,
1115,RF400X2,,,
1116,HomeK8,,,
1117,TC400,,,
1118,TC5L,,,
1118,RF400,,,
1118,FC5L,,,
1119,RF400X2,,,
1120,HomeK8,,,
1121,FC400,,,
1121,DW400,,,
1122,TC400,,,
1122,FC400,,,
1123,AppK6,,,
1124,MPC400,,,
1124,RF400,,,
1125,HW400,,,
1125,BathK4,,,
1126,MPC400,,,
1127,HomeK8,,,
1128,HomeK8,,,
1129,HomeK8,,,
1130,DW400,,,
1130,RF400X2,,,
1130,HW400,,,
1131,HomeK8,,,
1132,HomeK8,,,
1133,HomeK8,,,
1134,TC5L,,,
1135,HomeK8,,,
1136,HomeK8,,,
1137,HomeK8,,,
1138,RF400X2,,,
1138,MPC400,,,
1139,HomeK8,,,
1140,HomeK8,,,
1141,DW400,,,
1141,TC400,,,
1141,FC400,,,
1142,HomeK8,,,
1142,RF400X2,,,
1143,DW5L,,,
1144,HomeK8,,,
1145,HomeK8,,,
1146,DW400,,,
1146,MPC400,,,
1147,TC400,,,
1147,FC400,,,
1148,AppK6,,,
1148,HW400,,,
1149,DW400,,,
1149,TC400,,,
1149,FC400,,,
1150,HW5L,,,
1151,TC5L,,,
1151,FC5L,,,
1151,HW400,,,
1152,FC400,,,
1152,MPC400,,,
1153,TC400,,,
1153,BathK4,,,
1154,DW5L,,,
1154,MPC5L,,,
1154,DCK5L,,,
1154,TC5L,,,
1154,FC5L,,,
1155,DW400,,,
1155,FC400,,,
1155,TC400,,,
1156,TC400,,,
1156,MPC400,,,
1156,AppK6,,,
1157,RF400X2,,,
1157,MPC400,,,
1158,TC400,,,
1158,MPC400,,,
1158,TC400,,,
1159,DW5L,,,
1159,FC5L,,,
1160,HomeK8,,,
1161,FC5L,,,
1162,HomeK8,,,
1163,RF400,,,
1163,HomeK8,,,
1164,TC400,,,
1164,DW400,,,
1165,DW5L,,,
1166,AppK6,,,
1166,DCK400,,,
1166,TC5L,,,
1167,RF400,,,
1167,HW400,,,
1168,HomeK8,,,
1168,FC5L,,,
1169,DW5L,,,
1170,FC5L,,,
1171,FC5L,,,
1171,HW400,,,
1171,DW400,,,
1172,DW5L,,,
1172,HW5L,,,
1172,MPC5L,,,
1172,RF5L,,,
1172,DCR5L,,,
1172,DCK5L,,,
1172,DW400,,,
1172,HW400,,,
1173,MPC5L,,,
1173,DW400,,,
1173,FC400,,,
1174,DW400,,,
1174,MPC400,,,
1174,HW400,,,
1174,TC400,,,
1175,HomeK8,,,
1176,HomeK8,,,
1177,FC400,,,
1177,TC400,,,
1177,DW400,,,
1178,MPC5L,,,
1179,HomeK8,,,
1180,RF400,,,
1181,DCR5L,,,
1182,TC5L,,,
1182,HW5L,,,
1183,FC400,,,
1183,RF400,,,
1183,TC400,,,
1183,HW400,,,
1183,DW400,,,
1184,HomeK8,,,
1185,TC5L,,,
1186,RF400X2,,,
1186,MPC400,,,
1187,DW5L,,,
1188,HW5L,,,
1188,RF400,,,
1189,DW400,,,
1189,TC400,,,
1190,TC400,,,
1190,FC400,,,
1190,RF400,,,
1190,DW400,,,
1190,MPC400,,,
1191,FC400,,,
1192,MPC5L,,,
1193,TC5L,,,
1193,FC5L,,,
1194,HomeK8,,,
1195,FC5L,,,
1196,FC5L,,,
1197,AppK6,,,
1198,MPC5L,,,
1199,RF400X2,,,
1199,RF400,,,
1200,HomeK8,,,
1201,DW5L,,,
1201,MPC5L,,,
1202,DW400,,,
1202,FC400,,,
1202,MPC400,,,
1203,DW400,,,
1203,HW400,,,
1203,MPC400,,,
1204,MPC400,,,
1205,RFTC400,,,
1205,MPC400,,,
1206,FC5L,,,
1207,HW400,,,
1207,FC400,,,
1207,TC400,,,
1208,MPC400,,,
1209,AppK6,,,
1210,RF400,,,
1211,TC5L,,,
1211,RF400,,,
1211,DW400,,,
1212,FC5L,,,
1213,TC400,,,
1214,TC5L,,,
1215,DW5L,,,
1215,FC5L,,,
1215,HW5L,,,
1215,MPC5L,,,
1215,TC5L,,,
1216,DW5L,,,
1216,TC400,,,
1216,FC5L,,,
1216,RFTC400,,,
1217,AppK6,,,
1218,HomeK8,,,
1218,BathK4,,,
1219,HomeK8,,,
1219,RFTC400,,,
1220,KitK4,,,
1220,TC5L,,,
1220,MPC400,,,
1221,HomeK8,,,
1222,FC5L,,,
1223,TC5L,,,
1224,HomeK8,,,
1224,RFTC400,,,
1225,HW5L,,,
1225,MPC400,,,
1226,FC5L,,,
1226,TC5L,,,
1227,DW400,,,
1227,TC400,,,
1228,HomeK8,,,
1229,HomeK8,,,
1230,HomeK8,,,
1231,HW400,,,
1231,DW400,,,
1231,TC400,,,
1232,MPC400,,,
1232,FC400,,,
1233,HW5L,,,
1234,HomeK8,,,
1235,MPC5L,,,
1235,FC5L,,,
1235,TC5L,,,
1235,HW400,,,
1236,FC5L,,,
1236,TC400,,,
1237,FC5L,,,
1238,HW400,,,
1238,DW400,,,
1238,TC400,,,
1239,TC400,,,
1239,FC400,,,
1239,DCK400,,,
1239,DW400,,,
1239,HW400,,,
1240,HomeK8,,,
1241,FC400,,,
1241,TC400,,,
1241,HW400,,,
1242,TC400,,,
1242,FC400,,,
1242,MPC400,,,
1243,HomeK8,,,
1244,DW400,,,
1244,TC400,,,
1244,TC400,,,
1245,TC400,,,
1246,HomeK8,,,
1247,BathK4,,,
1247,HW400,,,
1248,TC5L,,,
1248,FC5L,,,
1248,MPC5L,,,
1248,RF400,,,
1249,HomeK8,,,
1249,HW400,,,
1250,AppK6,,,
1251,RF5L,,,
1252,HomeK8,,,
1253,DW400,,,
1253,RFTC400,,,
1253,HW400,,,
1254,FC5L,,,
1255,DW400,,,
1255,TC400,,,
1256,TC400,,,
1256,FC400,,,
1257,HomeK8,,,
1258,AppK6,,,
1259,RFTC400,,,
1259,FC400,,,
1259,MPC400,,,
1260,HomeK8,,,
1261,HomeK8,,,
1262,HomeK8,,,
1263,KitK4,,,
1264,MPC400,,,
1265,RFTC400,,,
1266,HomeK8,,,
1267,FC5L,,,
1267,MPC400,,,
1268,HomeK8,,,
1269,DW400,,,
1269,DW5L,,,
1269,MPC5L,,,
1269,DCK400,,,
1269,FC5L,,,
1269,TC400,,,
1269,TC5L,,,
1270,TC400,,,
1271,FC400,,,
1272,MPC400,,,
1272,DCK5L,,,
1273,HomeK8,,,
1274,TC400,,,
1274,DW400,,,
1274,HW400,,,
1275,HW400,,,
1275,DW400,,,
1275,FC400,,,
1275,MPC400,,,
1275,RFTC400,,,
1276,FC400,,,
1277,DW400,,,
1277,TC400,,,
1277,FC400,,,
1277,MPC400,,,
1277,RF400,,,
1278,RF5L,,,
1279,TC400,,,
1279,DCK400,,,
1280,DW5L,,,
1281,DW5L,,,
1282,HomeK8,,,
1283,HomeK8,,,
1284,DW400,,,
1285,TC400,,,
1285,FC400,,,
1286,HomeK8,,,
1287,FC5L,,,
1287,TC5L,,,
1287,RF400,,,
1288,DW400,,,
1289,TC400,,,
1289,RFTC400,,,
1290,HomeK8,,,
1291,FC5L,,,
1292,HomeK8,,,
1292,RFTC400,,,
1293,MPC5L,,,
1293,HW5L,,,
1294,TC400,,,
1294,FC400,,,
1295,FC5L,,,
1295,TC400,,,
1295,MPC400,,,
1295,DW400,,,
1296,HomeK8,,,
1297,RFTC400,,,
1298,FC5L,,,
1299,RFTC400,,,
1300,HW5L,,,
1300,RFTC400,,,
1301,HW400,,,
1301,DW400,,,
1301,HW5L,,,
1301,MPC400,,,
1302,HW400,,,
1302,DW400,,,
1302,RFTC400,,,
1302,FC400,,,
1302,RF400,,,
1302,TC400,,,
1302,DCK400,,,
1303,TC5L,,,
1303,MPC400,,,
1304,TC400,,,
1304,DCK400,,,
1305,FC5L,,,
1305,DCK400,,,
1306,DW400,,,
1307,FC400,,,
1307,DW400,,,
1308,FC5L,,,
1308,HW400,,,
1309,HW400,,,
1309,TC400,,,
1309,DW400,,,
1310,DW5L,,,
1310,FC5L,,,
1310,TC5L,,,
1310,MPC5L,,,
1311,HomeK8,,,
1312,HomeK8,,,
1313,FC5L,,,
1314,HomeK8,,,
1315,DW5L,,,
1315,FC5L,,,
1315,TC5L,,,
1315,HW400,,,
1316,DW5L,,,
1316,FC5L,,,
1317,FC5L,,,
1318,MPC5L,,,
1319,FC400,,,
1319,DCK400,,,
1320,RF400,,,
1320,HW400,,,
1321,DW400,,,
1321,HW400,,,
1321,MPC400,,,
1321,RFTC400,,,
1322,HomeK8,,,
1323,DW400,,,
1324,FC5L,,,
1324,TC5L,,,
1324,TC400,,,
1324,FC400,,,
1325,DCK400,,,
1325,RF400,,,
1326,MPC400,,,
1326,FC400,,,
1327,HW400,,,
1327,RFTC400,,,
1328,RF400,,,
1328,MPC400,,,
1328,HW400,,,
1329,TC5L,,,
1329,FC5L,,,
1330,BathK4,,,
1331,HomeK8,,,
1332,RFTC400,,,
1333,DCK400,,,
1333,RFTC400,,,
1333,DW400,,,
1334,MPC5L,,,
1334,FC5L,,,
1334,TC5L,,,
1335,RFTC400,,,
1335,FC5L,,,
1336,HomeK8,,,
1337,HomeK8,,,
1338,HomeK8,,,
1339,HomeK8,,,
1340,HW5L,,,
1340,TC400,,,
1341,MPC5L,,,
1342,FC400,,,
1343,MPC5L,,,
1343,RF400,,,
1343,DCK400,,,
1344,HomeK8,,,
1345,KitK4,,,
1346,HomeK8,,,
1347,HomeK8,,,
1348,HomeK8,,,
1349,HomeK8,,,
1350,HW5L,,,
1350,FC400,,,
1351,HomeK8,,,
1352,DW400,,,
1352,FC400,,,
1352,TC400,,,
1353,FC400,,,
1353,TC400,,,
1353,MPC400,,,
1354,DW5L,,,
1355,MPC5L,,,
1355,RF400,,,
1356,FC5L,,,
1356,TC400,,,
1356,DCK400,,,
1357,HW400,,,
1357,DW400,,,
1357,FC400,,,
1357,TC400,,,
1358,RF400,,,
1359,HomeK8,,,
1360,HW400,,,
1360,TC5L,,,
1361,HomeK8,,,
1362,TC400,,,
1363,TC400,,,
1363,DW400,,,
1364,TC400,,,
1365,DW5L,,,
1365,RF400,,,
1366,TC400,,,
1366,FC400,,,
1366,HW400,,,
1367,FC5L,,,
1368,HomeK8,,,
1369,KitK4,,,
1369,RFTC400,,,
1370,RFTC400,,,
1370,AppK6,,,
1371,FC5L,,,
1371,TC400,,,
1371,DW400,,,
1372,FC5L,,,
1372,MPC5L,,,
1372,TC5L,,,
1373,TC400,,,
1373,FC400,,,
1373,RF400,,,
1374,HomeK8,,,
1375,FC400,,,
1375,RF400,,,
1376,DW400,,,
1376,HW400,,,
1377,TC5L,,,
1377,DW400,,,
1377,FC5L,,,
1378,DW400,,,
1378,TC400,,,
1378,TC400,,,
1378,MPC400,,,
1378,DCK400,,,
1378,FC400,,,
1379,TC5L,,,
1380,RF400,,,
1380,DCK400,,,
1381,FC5L,,,
1382,DCK400,,,
1382,MPC400,,,
1383,TC400,,,
1383,DW400,,,
1383,MPC400,,,
1383,DCK400,,,
1384,BathK4,,,
1385,TC400,,,
1385,FC400,,,
1385,MPC400,,,
1386,AppK6,,,
1387,HomeK8,,,
1388,FC400,,,
1388,TC400,,,
1388,MPC400,,,
1389,HW5L,,,
1389,RF5L,,,
1389,RFTC400,,,
1390,FC400,,,
1391,TC5L,,,
1391,HW400,,,
1392,HomeK8,,,
1393,MPC5L,,,
1393,TC5L,,,
1394,TC5L,,,
1395,BathK4,,,
1395,DW400,,,
1396,FC5L,,,
1396,TC400,,,
1397,HW5L,,,
1398,MPC5L,,,
1399,DW400,,,
1399,FC400,,,
1399,TC400,,,
1399,MPC400,,,
1400,DCK400,,,
1401,AppK6,,,
1402,DW400,,,
1402,HW400,,,
1403,HomeK8,,,
1404,MPC400,,,
1404,DCK400,,,
1404,TC400,,,
1404,FC400,,,
1405,TC400,,,
1406,HomeK8,,,
1407,DW400,,,
1407,HW400,,,
1407,MPC400,,,
1407,RF400,,,
1407,AppK6,,,
1407,HomeK8,,,
1408,HomeK8,,,
1409,FC5L,,,
1410,HomeK8,,,
1411,HomeK8,,,
1412,HomeK8,,,
1413,HomeK8,,,
1414,AppK6,,,
1415,MPC400,,,
1415,HW400,,,
1415,TC400,,,
1416,RFTC400,,,
1416,FC400,,,
1417,HomeK8,,,
1418,HomeK8,,,
1419,AppK6,,,
1420,HomeK8,,,
1421,HomeK8,,,
1422,DCR5L,,,
1423,HomeK8,,,
1424,TC400,,,
1424,MPC400,,,
1424,RF400,,,
1424,DCK400,,,
1424,FC400,,,
1425,MPC400,,,
1426,HomeK8,,,
1426,TC5L,,,
1427,TC5L,,,
1427,DCK400,,,
1427,RF400,,,
1427,FC5L,,,
1428,TC400,,,
1428,HW400,,,
1429,TC400,,,
1429,FC400,,,
1429,HW400,,,
1429,DW400,,,
1430,FC5L,,,
1431,HomeK8,,,
1432,HomeK8,,,
1433,AppK6,,,
1434,TC5L,,,
1435,HomeK8,,,
1435,HW5L,,,
1436,HomeK8,,,
1437,HomeK8,,,
1438,FC400,,,
1439,FC400,,,
1440,HomeK8,,,
1441,HomeK8,,,
1442,HomeK8,,,
1443,HomeK8,,,
1444,HomeK8,,,
1445,HomeK8,,,
1446,HomeK8,,,
1447,KitK4,,,
1448,HomeK8,,,
1449,DW5L,,,
1449,MPC5L,,,
1449,HW400,,,
1450,HomeK8,,,
1451,TC400,,,
1451,FC400,,,
1451,MPC400,,,
1452,HomeK8,,,
1453,HomeK8,,,
1454,HomeK8,,,
1455,TC400,,,
1456,TC5L,,,
1456,DW400,,,
1456,FC400,,,
1457,HomeK8,,,
1458,HomeK8,,,
1459,DW400,,,
1459,DCK400,,,
1460,HomeK8,,,
1460,KitK4,,,
1461,FC400,,,
1461,DW400,,,
1462,HomeK8,,,
1463,AppK6,,,
1464,HomeK8,,,
1465,KitK4,,,
1465,DCK400,,,
1465,TC400,,,
1465,FC400,,,
1465,HW400,,,
1466,TC5L,,,
1466,FC5L,,,
1467,FC5L,,,
1468,HomeK8,,,
1469,HomeK8,,,
1470,HomeK8,,,
1471,HW5L,,,
1471,HW400,,,
1472,FC400,,,
1473,FC5L,,,
1473,TC5L,,,
1474,HomeK8,,,
1474,DW5L,,,
1474,FC5L,,,
1475,HomeK8,,,
1476,TC5L,,,
1476,HW400,,,
1477,MPC400,,,
1477,TC400,,,
1477,DW400,,,
1478,RFTC400,,,
1478,MPC400,,,
1479,DW400,,,
1479,TC400,,,
1479,FC400,,,
1479,HW400,,,
1480,MPC5L,,,
1481,TC400,,,
1481,RF400,,,
1482,FC400,,,
1483,HomeK8,,,
1484,DW400,,,
1484,TC400,,,
1484,HW400,,,
1484,FC400,,,
1485,HomeK8,,,
1486,FC5L,,,
1487,AppK6,,,
1488,AppK6,,,
1489,HomeK8,,,
1490,MPC5L,,,
1490,FC5L,,,
1491,HomeK8,,,
1492,HomeK8,,,
1493,HomeK8,,,
1494,HomeK8,,,
1495,TC400,,,
1495,FC400,,,
1496,AppK6,,,
1497,FC5L,,,
1498,HomeK8,,,
1498,TC400,,,
1499,RFTC400,,,
1499,HW400,,,
1499,FC400,,,
1500,TC5L,,,
1500,FC5L,,,
1501,HomeK8,,,
1502,DW400,,,
1502,FC400,,,
1502,TC400,,,
1503,HomeK8,,,
1504,HomeK8,,,
1505,HomeK8,,,
1506,MPC5L,,,
1507,HomeK8,,,
1508,HW400,,,
1508,DW400,,,
1509,HomeK8,,,
1510,HomeK8,,,
1511,RFTC400,,,
1512,HomeK8,,,
1513,HomeK8,,,
1514,RF5L,,,
1515,FC5L,,,
1516,HomeK8,,,
1517,FC5L,,,
1518,MPC400,,,
1519,HomeK8,,,
1520,TC5L,,,
1520,FC400,,,
1520,HW400,,,
1521,HomeK8,,,
1522,FC400,,,
1522,TC400,,,
1523,HomeK8,,,
1524,HW5L,,,
1524,FC5L,,,
1525,TC400,,,
1525,RF400,,,
1525,MPC400,,,
1526,DW400,,,
1526,FC400,,,
1527,HW400,,,
1527,RFTC400,,,
1528,FC5L,,,
1528,RF400,,,
1529,MPC400,,,
1530,HomeK8,,,
1531,HomeK8,,,
1532,FC5L,,,
1532,DW400,,,
1532,HW400,,,
1533,DW400,,,
1533,TC400,,,
1533,FC400,,,
1534,HW400,,,
1534,TC400,,,
1534,DCK400,,,
1534,TC400,,,
1534,FC400,,,
1534,DW400,,,
1534,MPC400,,,
1535,FC400,,,
1535,DW400,,,
1536,FC5L,,,
1536,DW400,,,
1536,HW400,,,
1537,TC400,,,
1537,DW400,,,
1537,MPC400,,,
1537,FC400,,,
1537,HW400,,,
1538,HomeK8,,,
1539,HW400,,,
1539,RFTC400,,,
1539,FC400,,,
1540,HomeK8,,,
1541,FC5L,,,
1541,DW5L,,,
1541,TC5L,,,
1542,AppK6,,,
1542,MPC400,,,
1543,DW400,,,
1543,HW400,,,
1543,DCK400,,,
1543,TC400,,,
1544,HomeK8,,,
1545,TC400,,,
1545,MPC400,,,
1545,FC400,,,
1545,HW400,,,
1545,DW400,,,
1546,HW5L,,,
1546,TC5L,,,
1546,DW5L,,,
1546,FC5L,,,
1547,RFTC400,,,
1548,FC5L,,,
1548,RFTC400,,,
1549,TC400,,,
1550,TC5L,,,
1550,MPC5L,,,
1551,HomeK8,,,
1552,KitK4,,,
1553,MPC400,,,
1553,FC400,,,
1553,RF400,,,
1554,HomeK8,,,
1555,HomeK8,,,
1556,HomeK8,,,
1557,HomeK8,,,
1558,FC5L,,,
1558,HW400,,,
1558,TC400,,,
1559,FC5L,,,
1560,HomeK8,,,
1561,FC5L,,,
1561,TC5L,,,
1562,HomeK8,,,
1563,AppK6,,,
1564,HomeK8,,,
1565,TC400,,,
1565,FC400,,,
1566,HomeK8,,,
1567,TC400,,,
1568,HomeK8,,,
1569,HomeK8,,,
1570,RF400,,,
1571,HomeK8,,,
1572,HomeK8,,,
1573,HomeK8,,,
1574,DW400,,,
1575,HW5L,,,
1575,MPC400,,,
1576,HomeK8,,,
1576,BathK4,,,
1577,FC400,,,
1578,HomeK8,,,
1579,RF400,,,
1579,HW5L,,,
1580,MPC5L,,,
1580,DW400,,,
1581,HomeK8,,,
1582,TC5L,,,
1582,FC5L,,,
1583,MPC5L,,,
1584,HomeK8,,,
1585,HomeK8,,,
1586,FC5L,,,
1587,HomeK8,,,
1588,HW400,,,
1588,TC400,,,
1588,DW400,,,
1589,HomeK8,,,
1590,HomeK8,,,
1591,DW400,,,
1591,TC400,,,
1591,MPC400,,,
1592,FC400,,,
1593,FC5L,,,
1594,HW5L,,,
1594,FC400,,,
1595,HomeK8,,,
1596,HW5L,,,
1597,HomeK8,,,
1598,FC400,,,
1598,TC400,,,
1599,BathK4,,,
1600,FC400,,,
1601,FC5L,,,
1601,HW400,,,
1601,TC5L,,,
1601,DW400,,,
1602,HomeK8,,,
1603,MPC5L,,,
1603,FC5L,,,
1604,MPC400,,,
1604,FC400,,,
1605,HomeK8,,,
1606,HomeK8,,,
1607,FC400,,,
1607,TC400,,,
1607,MPC400,,,
1608,TC400,,,
1609,TC400,,,
1609,MPC400,,,
1609,RF400,,,
1609,DCK400,,,
1610,HomeK8,,,
1611,HomeK8,,,
1612,RF400,,,
1613,HomeK8,,,
1614,AppK6,,,
1615,MPC5L,,,
1615,FC5L,,,
1616,TC400,,,
1617,MPC5L,,,
1617,DCK400,,,
1617,FC5L,,,
1618,HomeK8,,,
1619,HomeK8,,,
1620,HomeK8,,,
1621,HomeK8,,,
1622,FC400,,,
1622,MPC5L,,,
1622,TC5L,,,
1622,MPC400,,,
1622,FC5L,,,
1622,TC400,,,
1622,DCK400,,,
1622,TC400,,,
1623,MPC5L,,,
1623,DW400,,,
1624,HomeK8,,,
1625,TC400,,,
1625,FC400,,,
1626,HomeK8,,,
1627,MPC400,,,
1627,FC400,,,
1627,DW400,,,
1628,HomeK8,,,
1629,HomeK8,,,
1630,HomeK8,,,
1631,FC5L,,,
1631,TC5L,,,
1632,RF400,,,
1632,RFTC400,,,
1633,MPC400,,,
1633,RF400,,,
1633,DW400,,,
1634,TC400,,,
1635,RF400,,,
1635,HW400,,,
1635,MPC5L,,,
1636,HomeK8,,,
1636,KitK4,,,
1637,TC5L,,,
1637,RFTC400,,,
1638,RF400,,,
1639,MPC5L,,,
1639,RF400,,,
1639,TC400,,,
1640,MPC400,,,
1640,DW400,,,
1641,HomeK8,,,
1641,KitK4,,,
1642,RF5L,,,
1643,HomeK8,,,
1644,HomeK8,,,
1645,TC400,,,
1645,TC400,,,
1645,FC5L,,,
1646,MPC400,,,
1646,TC400,,,
1646,FC400,,,
1647,HW5L,,,
1647,TC400,,,
1648,MPC400,,,
1648,FC400,,,
1649,HomeK8,,,
1650,TC400,,,
1650,DW400,,,
1650,FC400,,,
1651,RF400,,,
1652,RFTC400,,,
1653,RF400,,,
1653,TC400,,,
1653,HW400,,,
1654,DW400,,,
1654,HW400,,,
1654,RFTC400,,,
1654,TC400,,,
1655,MPC400,,,
1655,TC5L,,,
1656,HomeK8,,,
1657,MPC400,,,
1657,FC400,,,
1657,TC400,,,
